Position,Descriptor
1,BlueDesc_mmff94::count.AromaticOHGroups
2,Chemopy_1D2D::EstateVSA6
3,PaDEL_3D::RDF55s
4,PaDEL_1D2D::ETA_Eta_F_L
5,PaDEL_3D::TDB4s
6,Chemopy_1D2D::EstateVSA9
7,PaDEL_1D2D::maxHother
8,PaDEL_1D2D::SpMin8_Bhs
9,PaDEL_1D2D::SM1_Dzs
10,Chemopy_3D::MoRSEC22
11,PaDEL_1D2D::minwHBa
12,Chemopy_1D2D::CIC2
13,PaDEL_3D::E3e
14,PaDEL_3D::TDB5e
15,Chemopy_1D2D::SIC1
16,Chemopy_3D::MoRSEV28
17,Chemopy_3D::MoRSEU18
18,PaDEL_3D::Vv
19,PaDEL_1D2D::MATS3e
20,PaDEL_3D::FPSA-3
21,Chemopy_3D::MoRSEE28
22,Chemopy_3D::MoRSEE29
23,Chemopy_3D::MoRSEU29
24,BlueDesc_mmff94::RPCS
25,PaDEL_3D::TDB3r
26,BlueDesc_mmff94::FPSA-3
27,Chemopy_3D::MoRSEM18
28,Chemopy_3D::RDFM9
29,PaDEL_3D::TDB5v
30,Chemopy_3D::MoRSEU11
31,Chemopy_1D2D::ATSv4
32,PaDEL_3D::RDF40u
33,PaDEL_3D::E3i
34,PaDEL_1D2D::AATSC3v
35,PaDEL_1D2D::hmin
36,PaDEL_1D2D::AVP-7
37,Chemopy_3D::Te
38,Chemopy_1D2D::Qmin
39,Chemopy_1D2D::Smin8
40,PaDEL_3D::THSA
41,PaDEL_1D2D::AATS5m
42,PaDEL_1D2D::AATSC8s
43,Chemopy_3D::MoRSEM8
44,Chemopy_3D::RDFU7
45,BlueDesc_mmff94::SCH-6
46,Chemopy_3D::E3m
47,PaDEL_3D::RDF55m
48,PaDEL_3D::Du
49,PaDEL_1D2D::SpMin4_Bhs
50,PaDEL_3D::RDF35i
51,PaDEL_1D2D::SpMin7_Bhs
52,PaDEL_1D2D::AATSC1p
53,PaDEL_1D2D::AATSC8v
54,PaDEL_3D::GRAVH-1
55,PaDEL_1D2D::MATS1e
56,Chemopy_3D::MoRSEE27
57,Chemopy_3D::RDFU6
58,PaDEL_3D::RDF40p
59,PaDEL_1D2D::AATSC8m
60,PaDEL_3D::MOMI-XY
