data_set,model_1,model_2,endpoint,q2_model_1,q2_model_2,difference,ci95_lower,ci95_upper,ci_excludes_zero,p_two_sided,holm_5pct,benjamini_hochberg_5pct
ds1,"PLS-DA, all 2,208 descriptors",Route A1,H. influenzae,0.061714217101977664,0.019694724661690644,0.04201949244028702,-0.10706565897908758,0.20208898788924273,False,0.5991700414979251,False,False
ds1,"PLS-DA, all 2,208 descriptors",Route A1,S. aureus,0.275505489174648,0.1042125162799512,0.1712929728946968,0.0775386821755124,0.2643316932086584,True,0.00039998000099995,True,True
ds1,"PLS-DA, all 2,208 descriptors",Route A1,S. pneumoniae,0.27722858301570175,0.30174931154142437,-0.024520728525722624,-0.16980676814789383,0.10819593399425113,False,0.7573621318934053,False,False
ds1,"PLS-DA, all 2,208 descriptors",Route A1,S. pyogenes,0.08391503846144499,-0.13293118510770308,0.21684622356914807,0.049933834780459076,0.4024618436155218,True,0.008499575021248937,False,False
ds1,"PLS-DA, all 2,208 descriptors",Route A2,H. influenzae,0.061714217101977664,-0.13699807268627784,0.1987122897882555,-0.05420016953766253,0.5221299571601481,False,0.15789210539473025,False,False
ds1,"PLS-DA, all 2,208 descriptors",Route A2,S. aureus,0.275505489174648,0.15495748352054628,0.12054800565410173,0.00760367651601907,0.2439857720012451,True,0.034498275086245686,False,False
ds1,"PLS-DA, all 2,208 descriptors",Route A2,S. pneumoniae,0.27722858301570175,0.19101370822153985,0.0862148747941619,-0.012422651005134854,0.1892477678031654,False,0.08869556522173891,False,False
ds1,"PLS-DA, all 2,208 descriptors",Route A2,S. pyogenes,0.08391503846144499,-0.11313329170922781,0.1970483301706728,-0.0009269098493503321,0.41953269389685516,False,0.05079746012699365,False,False
ds1,"Random forest, all 2,208",Route A1,H. influenzae,0.20049199693906394,0.019694724661690644,0.1807972722773733,0.004361490444264633,0.36949627132090906,True,0.04499775011249438,False,False
ds1,"Random forest, all 2,208",Route A1,S. aureus,0.3808076977624937,0.1042125162799512,0.2765951814825425,0.12998631405807257,0.41004151853533005,True,0.00039998000099995,True,True
ds1,"Random forest, all 2,208",Route A1,S. pneumoniae,0.4113677268054614,0.30174931154142437,0.10961841526403704,-0.06543402000322272,0.2736894350231327,False,0.2167891605419729,False,False
ds1,"Random forest, all 2,208",Route A1,S. pyogenes,0.1400326731691105,-0.13293118510770308,0.2729638582768136,0.07685466424827908,0.4879448507105905,True,0.00519974001299935,False,False
ds1,"Random forest, all 2,208",Route A2,H. influenzae,0.20049199693906394,-0.13699807268627784,0.3374900696253418,0.04278772615563345,0.7203624599417336,True,0.016199190040497975,False,False
ds1,"Random forest, all 2,208",Route A2,S. aureus,0.3808076977624937,0.15495748352054628,0.2258502142419474,0.06722756810713036,0.39476934308637956,True,0.00439978001099945,False,False
ds1,"Random forest, all 2,208",Route A2,S. pneumoniae,0.4113677268054614,0.19101370822153985,0.22035401858392156,0.049220505147953265,0.40421391616416397,True,0.009099545022748862,False,False
ds1,"Random forest, all 2,208",Route A2,S. pyogenes,0.1400326731691105,-0.11313329170922781,0.2531659648783383,-0.0070582095396388225,0.5964016693836482,False,0.060096995150242485,False,False
ds1,"Route B (12, 1 LV)",Route A1,H. influenzae,0.28934355003382073,0.019694724661690644,0.2696488253721301,0.037972882605172384,0.5157400076083831,True,0.022298885055747213,False,False
ds1,"Route B (12, 1 LV)",Route A1,S. aureus,0.39394063888406816,0.1042125162799512,0.28972812260411696,-0.016795344869277404,0.5538640176653186,False,0.06369681515924204,False,False
ds1,"Route B (12, 1 LV)",Route A1,S. pneumoniae,0.3527933866583681,0.30174931154142437,0.051044075116943755,-0.23406707780211305,0.2994434833806184,False,0.6854657267136643,False,False
ds1,"Route B (12, 1 LV)",Route A1,S. pyogenes,0.04960044305638356,-0.13293118510770308,0.18253162816408663,-0.07044941877875935,0.47993615447429644,False,0.17859107044647768,False,False
ds1,"Route B (12, 1 LV)","PLS-DA, all 2,208",H. influenzae,0.28934355003382073,0.061714217101977664,0.22762933293184306,-0.03807661056936121,0.4885147307207158,False,0.08929553522323884,False,False
ds1,"Route B (12, 1 LV)","PLS-DA, all 2,208",S. aureus,0.39394063888406816,0.275505489174648,0.11843514970942015,-0.22844012867597605,0.40865271446470053,False,0.46207689615519226,False,False
ds1,"Route B (12, 1 LV)","PLS-DA, all 2,208",S. pneumoniae,0.3527933866583681,0.27722858301570175,0.07556480364266638,-0.2188164768520358,0.3093421181739454,False,0.5543722813859308,False,False
ds1,"Route B (12, 1 LV)","PLS-DA, all 2,208",S. pyogenes,0.04960044305638356,0.08391503846144499,-0.03431459540506143,-0.33732215025350853,0.3163978238257881,False,0.7949602519874006,False,False
ds1,"Route B (12, 1 LV)","Random forest, all 2,208",H. influenzae,0.28934355003382073,0.20049199693906394,0.08885155309475679,-0.15156530680463823,0.3225421010101128,False,0.4545772711364432,False,False
ds1,"Route B (12, 1 LV)","Random forest, all 2,208",S. aureus,0.39394063888406816,0.3808076977624937,0.013132941121574482,-0.3234377991105153,0.25152075542281993,False,0.8552572371381431,False,False
ds1,"Route B (12, 1 LV)","Random forest, all 2,208",S. pneumoniae,0.3527933866583681,0.4113677268054614,-0.058574340147093285,-0.3882765281846468,0.23304347491650831,False,0.7512624368781561,False,False
ds1,"Route B (12, 1 LV)","Random forest, all 2,208",S. pyogenes,0.04960044305638356,0.1400326731691105,-0.09043223011272694,-0.3338215864937613,0.14323243703115607,False,0.4698765061746913,False,False
ds1,Route A1,Route A2,H. influenzae,0.019694724661690644,-0.13699807268627784,0.15669279734796848,-0.02248194134078998,0.4285893998346978,False,0.12939353032348383,False,False
ds1,Route A1,Route A2,S. aureus,0.1042125162799512,0.15495748352054628,-0.050744967240595074,-0.1389431427518899,0.04728387987820543,False,0.28998550072496376,False,False
ds1,Route A1,Route A2,S. pneumoniae,0.30174931154142437,0.19101370822153985,0.11073560331988452,-0.014532168798765179,0.24507089395044973,False,0.08539573021348933,False,False
ds1,Route A1,Route A2,S. pyogenes,-0.13293118510770308,-0.11313329170922781,-0.019797893398475264,-0.16392090752435298,0.1650994827512944,False,0.7539623018849058,False,False
ds1,Route A1,Route A1u,H. influenzae,0.019694724661690644,-0.21548624341377165,0.2351809680754623,0.05967679455443317,0.4190635846652239,True,0.008499575021248937,False,False
ds1,Route A1,Route A1u,S. aureus,0.1042125162799512,0.08109687256299292,0.02311564371695829,-0.08871390646937037,0.13245950077872687,False,0.6814659267036648,False,False
ds1,Route A1,Route A1u,S. pneumoniae,0.30174931154142437,0.1394464249969395,0.16230288654448488,0.04391858680052991,0.29239262988303805,True,0.006499675016249188,False,False
ds1,Route A1,Route A1u,S. pyogenes,-0.13293118510770308,-0.25751150775094533,0.12458032264324226,-0.13183722543134688,0.4259170775606169,False,0.38248087595620217,False,False
ds1,Route A2,Route A1u,H. influenzae,-0.13699807268627784,-0.21548624341377165,0.07848817072749381,-0.2861151998684817,0.3773593504788168,False,0.608069596520174,False,False
ds1,Route A2,Route A1u,S. aureus,0.15495748352054628,0.08109687256299292,0.07386061095755336,-0.026892476434742924,0.1685230964778843,False,0.14669266536673167,False,False
ds1,Route A2,Route A1u,S. pneumoniae,0.19101370822153985,0.1394464249969395,0.05156728322460036,-0.10960064730341514,0.2199298106213129,False,0.5569721513924304,False,False
ds1,Route A2,Route A1u,S. pyogenes,-0.11313329170922781,-0.25751150775094533,0.14437821604171752,-0.09534366496330282,0.3943602531221863,False,0.24128793560321984,False,False
ds1,Route A1 top-15,Route A1,H. influenzae,0.004779987912446493,0.019694724661690644,-0.01491473674924415,-0.12849757724325928,0.0981690909282398,False,0.79966001699915,False,False
ds1,Route A1 top-15,Route A1,S. aureus,-0.0192643179968488,0.1042125162799512,-0.12347683427680001,-0.29418527021663143,0.02065849628065578,False,0.10049497525123743,False,False
ds1,Route A1 top-15,Route A1,S. pneumoniae,0.15506958117015368,0.30174931154142437,-0.1466797303712707,-0.2775551027503027,-0.029914284028379187,True,0.012499375031248438,False,False
ds1,Route A1 top-15,Route A1,S. pyogenes,0.18396343054670794,-0.13293118510770308,0.316894615654411,0.18128615182289506,0.46827803479118274,True,9.99950002499875e-05,True,True
ds1,Route A2 top-15,Route A2,H. influenzae,-0.16363595616972715,-0.13699807268627784,-0.02663788348344931,-0.14148879371783749,0.07746458318676082,False,0.6497675116244188,False,False
ds1,Route A2 top-15,Route A2,S. aureus,-0.0407357369859187,0.15495748352054628,-0.19569322050646498,-0.40456125545468663,-0.030061456295084412,True,0.015299235038248088,False,False
ds1,Route A2 top-15,Route A2,S. pneumoniae,0.14282739612077333,0.19101370822153985,-0.048186312100766515,-0.17200089816585307,0.0704180916941307,False,0.43817809109544525,False,False
ds1,Route A2 top-15,Route A2,S. pyogenes,0.1648159593334213,-0.11313329170922781,0.2779492510426491,0.13565316620422047,0.4801416580189624,True,9.99950002499875e-05,True,True
ds1,Route A1 top-6,Route A1,H. influenzae,0.08632635156185187,0.019694724661690644,0.06663162690016122,-0.0683561968487905,0.2022459924828219,False,0.3334833258337083,False,False
ds1,Route A1 top-6,Route A1,S. aureus,-0.29174054770165947,0.1042125162799512,-0.3959530639816107,-0.7336389852365413,-0.1286068696187535,True,0.000999950002499875,False,True
ds1,Route A1 top-6,Route A1,S. pneumoniae,0.05640153166820039,0.30174931154142437,-0.24534777987322398,-0.5444789564579579,0.019218745951653536,False,0.07449627518624069,False,False
ds1,Route A1 top-6,Route A1,S. pyogenes,-0.09856914084464563,-0.13293118510770308,0.034362044263057445,-0.18934550322241964,0.25558178717865077,False,0.7588620568971551,False,False
ds1,"Route A1 top-15, effect size","Route A1 top-15, VIP",H. influenzae,0.004779987912446493,0.024905536834091024,-0.02012554892164453,-0.1636075193406585,0.10653950121814766,False,0.8005599720013999,False,False
ds1,"Route A1 top-15, effect size","Route A1 top-15, VIP",S. aureus,-0.0192643179968488,-0.014315779543397023,-0.0049485384534517785,-0.19151976427377185,0.14276437483269477,False,0.9830508474576272,False,False
ds1,"Route A1 top-15, effect size","Route A1 top-15, VIP",S. pneumoniae,0.15506958117015368,0.08268040078923,0.07238918038092368,-0.03280390479798891,0.18408188950349857,False,0.18449077546122694,False,False
ds1,"Route A1 top-15, effect size","Route A1 top-15, VIP",S. pyogenes,0.18396343054670794,0.13826164163146237,0.04570178891524557,-0.043449160546693205,0.138607929078384,False,0.32448377581120946,False,False
ds1,"Route A2 top-15, effect size","Route A2 top-15, VIP",H. influenzae,-0.16363595616972715,-0.07500227578569052,-0.08863368038403663,-0.18738171728922848,0.01683352246565449,False,0.09619519024048798,False,False
ds1,"Route A2 top-15, effect size","Route A2 top-15, VIP",S. aureus,-0.0407357369859187,0.09533746199163506,-0.13607319897755377,-0.28802799196318357,0.0015768152068861001,False,0.052997350132493376,False,False
ds1,"Route A2 top-15, effect size","Route A2 top-15, VIP",S. pneumoniae,0.14282739612077333,-0.01916086043610643,0.16198825655687976,-0.026342122362919624,0.42588416075751356,False,0.10849457527123643,False,False
ds1,"Route A2 top-15, effect size","Route A2 top-15, VIP",S. pyogenes,0.1648159593334213,0.12121728115009966,0.04359867818332164,-0.05923657380024748,0.15905048769712007,False,0.4415779211039448,False,False
ds1,"Route B, 12 descriptors",25 literature descriptors,H. influenzae,0.28934355003382073,0.1403796359755879,0.14896391405823284,-0.1226288281853725,0.4507695912640271,False,0.30338483075846207,False,False
ds1,"Route B, 12 descriptors",25 literature descriptors,S. aureus,0.39394063888406816,0.31031044823274323,0.08363019065132493,-0.1827418632811137,0.35818893797517276,False,0.535573221338933,False,False
ds1,"Route B, 12 descriptors",25 literature descriptors,S. pneumoniae,0.3527933866583681,0.3227108836094361,0.030082503048932008,-0.20803072814171467,0.27788116240166605,False,0.8148592570371481,False,False
ds1,"Route B, 12 descriptors",25 literature descriptors,S. pyogenes,0.04960044305638356,0.24234835905321406,-0.1927479159968305,-0.3845240330144735,0.0050423566789148016,False,0.055897205139743014,False,False
ds1,"Route B, 12 descriptors",Route B without Phenol_flag (11),H. influenzae,0.28934355003382073,0.17306557746914863,0.1162779725646721,0.01058696816528419,0.23662677950707242,True,0.026598670066496674,False,False
ds1,"Route B, 12 descriptors",Route B without Phenol_flag (11),S. aureus,0.39394063888406816,0.12980676001105074,0.2641338788730174,0.09494630676706263,0.4379774714496958,True,0.0014999250037498126,False,True
ds1,"Route B, 12 descriptors",Route B without Phenol_flag (11),S. pneumoniae,0.3527933866583681,0.14009608644480664,0.21269730021356148,0.038801368302164595,0.3874570986483505,True,0.013799310034498274,False,False
ds1,"Route B, 12 descriptors",Route B without Phenol_flag (11),S. pyogenes,0.04960044305638356,-0.07267887740297141,0.12227932045935497,0.016124671387693534,0.24935065652048993,True,0.0191990400479976,False,False
ds1,"Route B, 3 LV","Route B, 1 LV",H. influenzae,0.4686031088654189,0.28934355003382073,0.17925955883159816,-0.050863827422082446,0.4012281825949468,False,0.12659367031648416,False,False
ds1,"Route B, 3 LV","Route B, 1 LV",S. aureus,0.4165077317470708,0.39394063888406816,0.022567092863002625,-0.127801859131782,0.19400116198279713,False,0.8268586570671467,False,False
ds1,"Route B, 3 LV","Route B, 1 LV",S. pneumoniae,0.4400612991228453,0.3527933866583681,0.08726791246447718,-0.12682310605719158,0.30259291518283976,False,0.4208789560521974,False,False
ds1,"Route B, 3 LV","Route B, 1 LV",S. pyogenes,-0.0006943065383959723,0.04960044305638356,-0.05029474959477953,-0.2871803376143717,0.19296936642839807,False,0.6894655267236638,False,False
ds2,"PLS-DA, all 1,275 descriptors",Route A1,E. coli,0.1266124085418413,0.18828783125360715,-0.06167542271176585,-0.30517147833616637,0.1949300556147531,False,0.6201689915504225,False,False
ds2,"PLS-DA, all 1,275 descriptors",Route A1,S. aureus,0.3055345119460666,0.4460781508080589,-0.14054363886199228,-0.3099758017950361,0.06512358874815165,False,0.1607919604019799,False,False
ds2,"PLS-DA, all 1,275 descriptors",Route A1,P. aeruginosa,0.0850801270074969,0.29874273701544607,-0.21366261000794917,-0.4751306949629422,0.09172618291083069,False,0.15339233038348082,False,False
ds2,"PLS-DA, all 1,275 descriptors",Route A1,A. baumannii,0.04473201871708132,-0.2030565084685434,0.24778852718562472,0.012724455922168228,0.5051356916083259,True,0.03899805009749512,False,False
ds2,"PLS-DA, all 1,275 descriptors",Route A2,E. coli,0.1266124085418413,0.12446197098486933,0.0021504375569719736,-0.23557640900067633,0.25564087268830543,False,0.9951502424878756,False,False
ds2,"PLS-DA, all 1,275 descriptors",Route A2,S. aureus,0.3055345119460666,0.39411232576203803,-0.0885778138159714,-0.2735485421893969,0.1267242107906422,False,0.3808809559522024,False,False
ds2,"PLS-DA, all 1,275 descriptors",Route A2,P. aeruginosa,0.0850801270074969,0.2612996378761505,-0.17621951086865362,-0.4597588455912535,0.16580740974689448,False,0.27548622568871556,False,False
ds2,"PLS-DA, all 1,275 descriptors",Route A2,A. baumannii,0.04473201871708132,-0.21835670397040285,0.2630887226874842,0.02089434116517188,0.5332382081511488,True,0.031998400079996,False,False
ds2,"PLS-DA, all 1,275 descriptors",Route A1u,E. coli,0.1266124085418413,0.003664658273752508,0.1229477502680888,-0.11242352501527716,0.3650603799986626,False,0.31338433078346084,False,False
ds2,"PLS-DA, all 1,275 descriptors",Route A1u,S. aureus,0.3055345119460666,0.25145310666158893,0.05408140528447769,-0.18124926851358644,0.3252460616089443,False,0.7179641017949102,False,False
ds2,"PLS-DA, all 1,275 descriptors",Route A1u,P. aeruginosa,0.0850801270074969,0.3456742681406145,-0.26059414113311763,-0.5451790261730998,0.05846452577671476,False,0.10089495525223739,False,False
ds2,"PLS-DA, all 1,275 descriptors",Route A1u,A. baumannii,0.04473201871708132,-0.31536983733763413,0.36010185605471545,0.1035316599610692,0.6292185840812339,True,0.0042997850107494625,False,False
ds2,"Random forest, all 1,275",Route A1,E. coli,0.0020778565304896413,0.18828783125360715,-0.1862099747231175,-0.38910213319275466,0.008551621538287315,False,0.06329683515824208,False,False
ds2,"Random forest, all 1,275",Route A1,S. aureus,0.43137955619137924,0.4460781508080589,-0.014698594616679661,-0.18543328910988888,0.14104857501978352,False,0.9025548722563872,False,False
ds2,"Random forest, all 1,275",Route A1,P. aeruginosa,0.33209933689413695,0.29874273701544607,0.033356599878690885,-0.1724215749863903,0.24423977735837227,False,0.7531623418829059,False,False
ds2,"Random forest, all 1,275",Route A1,A. baumannii,-0.3531213095729906,-0.2030565084685434,-0.1500648011044472,-0.3835627228850076,0.0820584935456053,False,0.20378981050947453,False,False
ds2,"Random forest, all 1,275",Route A1u,E. coli,0.0020778565304896413,0.003664658273752508,-0.0015868017432628667,-0.3131326484793087,0.2882878432997288,False,0.9990500474976252,False,False
ds2,"Random forest, all 1,275",Route A1u,S. aureus,0.43137955619137924,0.25145310666158893,0.1799264495297903,-0.048130621572097236,0.4018251800339031,False,0.11559422028898556,False,False
ds2,"Random forest, all 1,275",Route A1u,P. aeruginosa,0.33209933689413695,0.3456742681406145,-0.013574931246477573,-0.24844435243922638,0.19778801715758534,False,0.9328533573321334,False,False
ds2,"Random forest, all 1,275",Route A1u,A. baumannii,-0.3531213095729906,-0.31536983733763413,-0.037751472235356465,-0.3109096508105679,0.2161511433205416,False,0.7872606369681516,False,False
ds2,"50 representatives, no filter",Route A1,E. coli,0.024857074765662568,0.18828783125360715,-0.16343075648794458,-0.28837794904567116,-0.02902026972207257,True,0.017299135043247836,False,False
ds2,"50 representatives, no filter",Route A1,S. aureus,0.41940379477033385,0.4460781508080589,-0.026674356037725055,-0.14327002190816815,0.08680011382153098,False,0.6538673066346683,False,False
ds2,"50 representatives, no filter",Route A1,P. aeruginosa,0.25263850343281846,0.29874273701544607,-0.04610423358262761,-0.18848526597831156,0.08146822115440842,False,0.5225738713064346,False,False
ds2,"50 representatives, no filter",Route A1,A. baumannii,-0.06113230193020569,-0.2030565084685434,0.1419242065383377,-0.01834766807748146,0.3162654316581356,False,0.08349582520873956,False,False
ds2,Route A1,Route A2,E. coli,0.18828783125360715,0.12446197098486933,0.06382586026873782,-0.0693620356468193,0.19305010060285788,False,0.3407829608519574,False,False
ds2,Route A1,Route A2,S. aureus,0.4460781508080589,0.39411232576203803,0.051965825046020875,-0.039825886296539034,0.16641408170600774,False,0.32868356582170893,False,False
ds2,Route A1,Route A2,P. aeruginosa,0.29874273701544607,0.2612996378761505,0.037443099139295555,-0.07140556788521134,0.15347040636751827,False,0.5091745412729364,False,False
ds2,Route A1,Route A2,A. baumannii,-0.2030565084685434,-0.21835670397040285,0.01530019550185946,-0.09309652468065913,0.12456505330422955,False,0.7801609919504024,False,False
ds2,Route A1,Route A1u,E. coli,0.18828783125360715,0.003664658273752508,0.18462317297985464,-0.009732537324058458,0.36771767843282527,False,0.06179691015449228,False,False
ds2,Route A1,Route A1u,S. aureus,0.4460781508080589,0.25145310666158893,0.19462504414646997,0.05940749570283192,0.339023147077981,True,0.003799810009499525,False,False
ds2,Route A1,Route A1u,P. aeruginosa,0.29874273701544607,0.3456742681406145,-0.04693153112516846,-0.16840167340108336,0.07238757772699236,False,0.43887805609719516,False,False
ds2,Route A1,Route A1u,A. baumannii,-0.2030565084685434,-0.31536983733763413,0.11231332886909073,-0.06110103958731458,0.26743812874344025,False,0.1903904804759762,False,False
